<application>
  <component name="CosySettings">
    <option name="chatModelSelected">
      <map>
        <entry key="chat" value="default" />
        <entry key="developer" value="default" />
      </map>
    </option>
    <option name="dedicatedDomainUrl" value="" />
    <option name="displayLanguage" value="zh" />
    <option name="localStoragePath" value="C:\Users\85228\.lingma" />
    <option name="manualOpenLocalModel" value="true" />
    <option name="parameter">
      <ChangeUserSettingParams>
        <option name="allowReportUsage" value="true" />
        <option name="cloud">
          <CloudModelParam>
            <option name="autoTrigger">
              <CloudModelAutoTrigger>
                <option name="enable" value="true" />
                <option name="generateLength" value="level_1" />
                <option name="modelLevel" value="large" />
              </CloudModelAutoTrigger>
            </option>
            <option name="disableLanguages">
              <list>
                <option value="python" />
                <option value="JAVA" />
              </list>
            </option>
            <option name="enable" value="true" />
            <option name="manualTrigger">
              <CloudModelManualTrigger>
                <option name="generateLength" value="level_2" />
                <option name="modelLevel" value="large" />
              </CloudModelManualTrigger>
            </option>
            <option name="showInlineWhenIDECompletion" value="true" />
          </CloudModelParam>
        </option>
        <option name="local">
          <LocalModelParam>
            <option name="enable" value="false" />
            <option name="inferenceMode" value="auto" />
            <option name="maxCandidateNum" value="3" />
          </LocalModelParam>
        </option>
      </ChangeUserSettingParams>
    </option>
    <option name="recentComplexQueries">
      <map>
        <entry key="langchain|1981112371458051">
          <value>
            <list>
              <ChatRecentQuery>
                <option name="chatInputElements">
                  <list>
                    <ChatInputElement>
                      <option name="text" value="全局生效呢 " />
                      <option name="type" value="text" />
                    </ChatInputElement>
                  </list>
                </option>
                <option name="contextTags">
                  <list />
                </option>
              </ChatRecentQuery>
              <ChatRecentQuery>
                <option name="chatInputElements">
                  <list>
                    <ChatInputElement>
                      <option name="text" value="E:\code\langchain git:[master]&#10; conda config --set envs_dirs D:\anaconda&#10;&#10;CondaKeyError: 'envs_dirs': invalid parameter&#10;E:\code\langchain git:[master]&#10;        conda config --show envs_dirs&#10;envs_dirs:&#10;  - D:\anaconda\envs&#10;  - D:\anaconda&#10;  - C:\Users\85228\.conda\envs&#10;  - C:\Users\85228\AppData\Local\conda\conda\envs&#10;&#10;如何删除   - C:\Users\85228\.conda\envs&#10;  - C:\Users\85228\AppData\Local\conda\conda\envs这两个 " />
                      <option name="type" value="text" />
                    </ChatInputElement>
                  </list>
                </option>
                <option name="contextTags">
                  <list />
                </option>
              </ChatRecentQuery>
              <ChatRecentQuery>
                <option name="chatInputElements">
                  <list>
                    <ChatInputElement>
                      <option name="text" value="CondaKeyError: 'envs_dirs': invalid parameter  报错了 " />
                      <option name="type" value="text" />
                    </ChatInputElement>
                  </list>
                </option>
                <option name="contextTags">
                  <list />
                </option>
              </ChatRecentQuery>
              <ChatRecentQuery>
                <option name="chatInputElements">
                  <list>
                    <ChatInputElement>
                      <option name="text" value=" package cache : D:\anaconda\pkgs&#10;                          C:\Users\85228\.conda\pkgs&#10;                          C:\Users\85228\AppData\Local\conda\conda\pkgs&#10;&#10;如何删除C盘的 " />
                      <option name="type" value="text" />
                    </ChatInputElement>
                  </list>
                </option>
                <option name="contextTags">
                  <list />
                </option>
              </ChatRecentQuery>
              <ChatRecentQuery>
                <option name="chatInputElements">
                  <list>
                    <ChatInputElement>
                      <option name="text" value="我是需要删除这个配置属性 " />
                      <option name="type" value="text" />
                    </ChatInputElement>
                  </list>
                </option>
                <option name="contextTags">
                  <list />
                </option>
              </ChatRecentQuery>
              <ChatRecentQuery>
                <option name="chatInputElements">
                  <list>
                    <ChatInputElement>
                      <option name="text" value="通过命令删除" />
                      <option name="type" value="text" />
                    </ChatInputElement>
                  </list>
                </option>
                <option name="contextTags">
                  <list />
                </option>
              </ChatRecentQuery>
              <ChatRecentQuery>
                <option name="chatInputElements">
                  <list>
                    <ChatInputElement>
                      <option name="text" value="CondaKeyError: 'pkgs_dirs': undefined in config&#10;" />
                      <option name="type" value="text" />
                    </ChatInputElement>
                  </list>
                </option>
                <option name="contextTags">
                  <list />
                </option>
              </ChatRecentQuery>
              <ChatRecentQuery>
                <option name="chatInputElements">
                  <list>
                    <ChatInputElement>
                      <option name="text" value="(base) E:\code\langchain git:[master]&#10;conda info&#10;&#10;     active environment : base&#10;    active env location : D:\anaconda&#10;            shell level : 1&#10;       user config file : C:\Users\85228\.condarc&#10; populated config files : D:\anaconda\.condarc&#10;                          C:\Users\85228\.condarc&#10;          conda version : 24.9.2&#10;    conda-build version : 24.9.0&#10;         python version : 3.12.7.final.0&#10;                 solver : libmamba (default)&#10;       virtual packages : __archspec=1=x86_64_v4&#10;                          __conda=24.9.2=0&#10;                          __win=0=0&#10;       base environment : D:\anaconda  (read only)&#10;      conda av data dir : D:\anaconda\etc\conda&#10;  conda av metadata url : None&#10;           channel URLs : https://repo.anaconda.com/pkgs/main/win-64&#10;                          https://repo.anaconda.com/pkgs/main/noarch&#10;                          https://repo.anaconda.com/pkgs/r/win-64&#10;                          https://repo.anaconda.com/pkgs/r/noarch&#10;                          https://repo.anaconda.com/pkgs/msys2/win-64&#10;                          https://repo.anaconda.com/pkgs/msys2/noarch&#10;          package cache : D:\anaconda\pkgs&#10;                          C:\Users\85228\.conda\pkgs&#10;                          C:\Users\85228\AppData\Local\conda\conda\pkgs&#10;       envs directories : D:\anaconda\envs&#10;                          D:\anaconda&#10;                          C:\Users\85228\.conda\envs&#10;                          C:\Users\85228\AppData\Local\conda\conda\envs&#10;               platform : win-64&#10;             user-agent : conda/24.9.2 requests/2.32.3 CPython/3.12.7 Windows/11 Windows/10.0.22631 solver/libmamba conda-libmamba-solver/24.9.0 libmambapy/1.5.8 aau/0.4.4 c/. s/. e/.&#10;          administrator : False&#10;             netrc file : None&#10;           offline mode : False&#10;&#10;&#10;删除 package cache 下 C盘目录的 配置 " />
                      <option name="type" value="text" />
                    </ChatInputElement>
                  </list>
                </option>
                <option name="contextTags">
                  <list />
                </option>
              </ChatRecentQuery>
              <ChatRecentQuery>
                <option name="chatInputElements">
                  <list>
                    <ChatInputElement>
                      <option name="text" value=" C:\Users\85228\.condarc 下 没有文件 那我的 conda info 的 信息那来的 ？" />
                      <option name="type" value="text" />
                    </ChatInputElement>
                  </list>
                </option>
                <option name="contextTags">
                  <list />
                </option>
              </ChatRecentQuery>
              <ChatRecentQuery>
                <option name="chatInputElements">
                  <list>
                    <ChatInputElement>
                      <option name="text" value="我需要删除  Conda 的 package cache 下 C盘目录的配置  但是目录下都没有这个配置 " />
                      <option name="type" value="text" />
                    </ChatInputElement>
                  </list>
                </option>
                <option name="contextTags">
                  <list />
                </option>
              </ChatRecentQuery>
              <ChatRecentQuery>
                <option name="chatInputElements">
                  <list>
                    <ChatInputElement>
                      <option name="text" value="conda info&#10;&#10;     active environment : base&#10;    active env location : D:\anaconda&#10;            shell level : 1&#10;       user config file : C:\Users\85228\.condarc&#10; populated config files : D:\anaconda\.condarc&#10;                          C:\Users\85228\.condarc&#10;          conda version : 24.9.2&#10;    conda-build version : 24.9.0&#10;         python version : 3.12.7.final.0&#10;                 solver : libmamba (default)&#10;       virtual packages : __archspec=1=x86_64_v4&#10;                          __conda=24.9.2=0&#10;                          __win=0=0&#10;       base environment : D:\anaconda  (read only)&#10;      conda av data dir : D:\anaconda\etc\conda&#10;  conda av metadata url : None&#10;           channel URLs : https://repo.anaconda.com/pkgs/main/win-64&#10;                          https://repo.anaconda.com/pkgs/main/noarch&#10;                          https://repo.anaconda.com/pkgs/r/win-64&#10;                          https://repo.anaconda.com/pkgs/r/noarch&#10;                          https://repo.anaconda.com/pkgs/msys2/win-64&#10;                          https://repo.anaconda.com/pkgs/msys2/noarch&#10;          package cache : D:\anaconda\pkgs&#10;       envs directories : D:\anaconda\envs&#10;                          D:\anaconda&#10;                          C:\Users\85228\.conda\envs&#10;                          C:\Users\85228\AppData\Local\conda\conda\envs&#10;               platform : win-64&#10;             user-agent : conda/24.9.2 requests/2.32.3 CPython/3.12.7 Windows/11 Windows/10.0.22631 solver/libmamba conda-libmamba-solver/24.9.0 libmambapy/1.5.8 aau/0.4.4 c/. s/. e/.&#10;          administrator : False&#10;             netrc file : None&#10;           offline mode : False&#10;&#10;生效了 我如何删除 envs directories 下C盘的配置" />
                      <option name="type" value="text" />
                    </ChatInputElement>
                  </list>
                </option>
                <option name="contextTags">
                  <list />
                </option>
              </ChatRecentQuery>
              <ChatRecentQuery>
                <option name="chatInputElements">
                  <list>
                    <ChatInputElement>
                      <option name="text" value="conda info&#10;&#10;     active environment : base&#10;    active env location : D:\anaconda&#10;            shell level : 1&#10;       user config file : C:\Users\85228\.condarc&#10; populated config files : D:\anaconda\.condarc&#10;                          C:\Users\85228\.condarc&#10;          conda version : 24.9.2&#10;    conda-build version : 24.9.0&#10;         python version : 3.12.7.final.0&#10;                 solver : libmamba (default)&#10;       virtual packages : __archspec=1=x86_64_v4&#10;                          __conda=24.9.2=0&#10;                          __win=0=0&#10;       base environment : D:\anaconda  (read only)&#10;      conda av data dir : D:\anaconda\etc\conda&#10;  conda av metadata url : None&#10;           channel URLs : https://repo.anaconda.com/pkgs/main/win-64&#10;                          https://repo.anaconda.com/pkgs/main/noarch&#10;                          https://repo.anaconda.com/pkgs/r/win-64&#10;                          https://repo.anaconda.com/pkgs/r/noarch&#10;                          https://repo.anaconda.com/pkgs/msys2/win-64&#10;                          https://repo.anaconda.com/pkgs/msys2/noarch&#10;          package cache : D:\anaconda\pkgs&#10;       envs directories : D:\anaconda\envs&#10;                          C:\Users\85228\.conda\envs&#10;                          C:\Users\85228\AppData\Local\conda\conda\envs&#10;               platform : win-64&#10;             user-agent : conda/24.9.2 requests/2.32.3 CPython/3.12.7 Windows/11 Windows/10.0.22631 solver/libmamba conda-libmamba-solver/24.9.0 libmambapy/1.5.8 aau/0.4.4 c/. s/. e/.&#10;          administrator : False&#10;             netrc file : None&#10;           offline mode : False&#10;&#10;没有删除掉 ,但是.condarc内&#10;channels:&#10;  - https://repo.anaconda.com/pkgs/main&#10;  - https://repo.anaconda.com/pkgs/r&#10;  - https://repo.anaconda.com/pkgs/msys2&#10;envs_dirs:&#10;    - D:\anaconda\envs&#10;pkgs_dirs:&#10;    - D:\anaconda\pkgs&#10;已经添加了 &#10;   &#10;" />
                      <option name="type" value="text" />
                    </ChatInputElement>
                  </list>
                </option>
                <option name="contextTags">
                  <list />
                </option>
              </ChatRecentQuery>
              <ChatRecentQuery>
                <option name="chatInputElements">
                  <list>
                    <ChatInputElement>
                      <option name="text" value="conda config --show-sources&#10;==&gt; D:\anaconda\.condarc &lt;==&#10;channels:&#10;  - https://repo.anaconda.com/pkgs/main&#10;  - https://repo.anaconda.com/pkgs/r&#10;  - https://repo.anaconda.com/pkgs/msys2&#10;&#10;==&gt; C:\Users\85228\.condarc &lt;==&#10;envs_dirs:&#10;  - D:\anaconda\envs&#10;pkgs_dirs:&#10;  - D:\anaconda\pkgs&#10;channels:&#10;  - https://repo.anaconda.com/pkgs/main&#10;  - https://repo.anaconda.com/pkgs/r&#10;  - https://repo.anaconda.com/pkgs/msys2&#10;&#10;==&gt; envvars &lt;==&#10;allow_softlinks: False&#10;&#10;&#10;&#10;conda config --set envs_dirs D:\anaconda\envs&#10;&#10;CondaKeyError: 'envs_dirs': invalid parameter&#10;&#10;" />
                      <option name="type" value="text" />
                    </ChatInputElement>
                  </list>
                </option>
                <option name="contextTags">
                  <list />
                </option>
              </ChatRecentQuery>
              <ChatRecentQuery>
                <option name="chatInputElements">
                  <list>
                    <ChatInputElement>
                      <option name="text" value="  conda config --remove envs_dirs C:\Users\85228\.conda\envs&#10;&#10;CondaKeyError: 'envs_dirs': value 'C:\\Users\\85228\\.conda\\envs' not present in config&#10;" />
                      <option name="type" value="text" />
                    </ChatInputElement>
                  </list>
                </option>
                <option name="contextTags">
                  <list />
                </option>
              </ChatRecentQuery>
              <ChatRecentQuery>
                <option name="chatInputElements">
                  <list>
                    <ChatInputElement>
                      <option name="text" value="conda 删除 env 环境命令" />
                      <option name="type" value="text" />
                    </ChatInputElement>
                  </list>
                </option>
                <option name="contextTags">
                  <list />
                </option>
              </ChatRecentQuery>
              <ChatRecentQuery>
                <option name="chatInputElements">
                  <list>
                    <ChatInputElement>
                      <option name="text" value="EnvironmentNotWritableError: The current user does not have write permissions to the target environment.&#10;  environment location: D:\anaconda\envs\langchain&#10;" />
                      <option name="type" value="text" />
                    </ChatInputElement>
                  </list>
                </option>
                <option name="contextTags">
                  <list />
                </option>
              </ChatRecentQuery>
              <ChatRecentQuery>
                <option name="chatInputElements">
                  <list>
                    <ChatInputElement>
                      <option name="text" value="conda 创建环境 并指定env目录" />
                      <option name="type" value="text" />
                    </ChatInputElement>
                  </list>
                </option>
                <option name="contextTags">
                  <list />
                </option>
              </ChatRecentQuery>
              <ChatRecentQuery>
                <option name="chatInputElements">
                  <list>
                    <ChatInputElement>
                      <option name="text" value="CondaEnvException: The specified prefix 'D:\anaconda\envs' appears to be a top level directory within an existing conda environment (i.e., {history_file} exists). Creating an environment in this location has the potential to irreversibly corrupt your conda installation and/or other conda environments, please choose a different location for your new conda environment. Aborting.&#10;" />
                      <option name="type" value="text" />
                    </ChatInputElement>
                  </list>
                </option>
                <option name="contextTags">
                  <list />
                </option>
              </ChatRecentQuery>
              <ChatRecentQuery>
                <option name="chatInputElements">
                  <list>
                    <ChatInputElement>
                      <option name="text" value="conda create --name langchain python=3.12&#10;Channels:&#10; - defaults&#10;Platform: win-64&#10;Collecting package metadata (repodata.json): failed&#10;&#10;NoWritablePkgsDirError: No writeable pkgs directories configured.&#10;  - D:\anaconda\pkgs&#10;" />
                      <option name="type" value="text" />
                    </ChatInputElement>
                  </list>
                </option>
                <option name="contextTags">
                  <list />
                </option>
              </ChatRecentQuery>
              <ChatRecentQuery>
                <option name="chatInputElements">
                  <list>
                    <ChatInputElement>
                      <option name="text" value="conda info&#10;&#10;     active environment : None&#10;            shell level : 0&#10;       user config file : C:\Users\85228\.condarc&#10; populated config files : D:\anaconda\.condarc&#10;                          C:\Users\85228\.condarc&#10;          conda version : 24.9.2&#10;    conda-build version : 24.9.0&#10;         python version : 3.12.7.final.0&#10;                 solver : libmamba (default)&#10;       virtual packages : __archspec=1=x86_64_v4&#10;                          __conda=24.9.2=0&#10;                          __win=0=0&#10;       base environment : D:\anaconda  (read only)&#10;      conda av data dir : D:\anaconda\etc\conda&#10;  conda av metadata url : None&#10;           channel URLs : https://repo.anaconda.com/pkgs/main/win-64&#10;                          https://repo.anaconda.com/pkgs/main/noarch&#10;                          https://repo.anaconda.com/pkgs/r/win-64&#10;                          https://repo.anaconda.com/pkgs/r/noarch&#10;                          https://repo.anaconda.com/pkgs/msys2/win-64&#10;                          https://repo.anaconda.com/pkgs/msys2/noarch&#10;          package cache : D:\anaconda\pkgs&#10;       envs directories : D:\anaconda\envs&#10;                          C:\Users\85228\.conda\envs&#10;                          C:\Users\85228\AppData\Local\conda\conda\envs&#10;               platform : win-64&#10;             user-agent : conda/24.9.2 requests/2.32.3 CPython/3.12.7 Windows/11 Windows/10.0.22631 solver/libmamba conda-libmamba-solver/24.9.0 libmambapy/1.5.8 aau/0.4.4 c/. s/. e/.&#10;          administrator : False&#10;             netrc file : None&#10;           offline mode : False&#10;&#10;但是conda create 默认安装到C 盘了 " />
                      <option name="type" value="text" />
                    </ChatInputElement>
                  </list>
                </option>
                <option name="contextTags">
                  <list />
                </option>
              </ChatRecentQuery>
            </list>
          </value>
        </entry>
      </map>
    </option>
    <option name="upgradeStrategy" value="forbid" />
  </component>
</application>