<application>
  <component name="LocalDatabaseDriverManager" version="201">
    <driver id="mysql.8">
      <artifact />
      <artifact id="MySQL ConnectorJ" name="MySQL ConnectorJ" use="true" version="8.0.25" />
      <library>
        <url>file://$MAVEN_REPOSITORY$/mysql/mysql-connector-java/8.0.17/mysql-connector-java-8.0.17.jar</url>
      </library>
    </driver>
    <driver id="mysql">
      <artifact id="MySQL Connector/J" name="MySQL Connector/J" use="true" version="5.1.46" />
    </driver>
  </component>
</application>