<application>
  <component name="GeneralSettings">
    <option name="showTipsOnStartup" value="false" />
    <option name="autoSaveIfInactive" value="true" />
    <option name="confirmExit" value="false" />
    <option name="confirmOpenNewProject2" value="-1" />
    <option name="processCloseConfirmation" value="TERMINATE" />
    <option name="inactiveTimeout" value="10" />
  </component>
  <component name="LocalizationStateService">
    <option name="selectedLocale" value="zh-CN" />
  </component>
  <component name="Registry">
    <entry key="ide.editor.tabs.open.at.the.end" value="true" />
    <entry key="action.aware.typeAhead.searchEverywhere" value="true" />
    <entry key="psi.modification.tracker.per-language" value="true" />
    <entry key="debugger.new.tool.window.layout" value="true" />
    <entry key="ide.experimental.ui" value="true" />
    <entry key="moved.to.new.ui" value="true" />
    <entry key="terminal.new.ui" value="true" />
  </component>
  <component name="StatusBar">
    <option name="widgets">
      <map>
        <entry key="Memory" value="true" />
      </map>
    </option>
  </component>
</application>