<application>
  <component name="ProjectManager">
    <defaultProject>
      <component name="AutoImportSettings">
        <option name="autoReloadType" value="ALL" />
      </component>
      <component name="CodeInsightWorkspaceSettings">
        <option name="optimizeImportsOnTheFly" value="true" />
      </component>
      <component name="ComposerSettings">
        <execution />
      </component>
      <component name="Encoding" native2AsciiForPropertiesFiles="true" defaultCharsetForPropertiesFiles="UTF-8">
        <file url="PROJECT" charset="UTF-8" />
      </component>
      <component name="Git.Settings">
        <option name="ROOT_SYNC" value="DONT_SYNC" />
      </component>
      <component name="GradleLocalSettings">
        <option name="projectSyncType">
          <map>
            <entry key="D:/code/spring/spring-master" value="PREVIEW" />
            <entry key="E:/SpringFramework/spring" value="PREVIEW" />
            <entry key="E:/spring/Spring-Framework-master" value="PREVIEW" />
            <entry key="E:/spring/spring-framework-master" value="PREVIEW" />
            <entry key="E:/spring/spring-note/spring-analysis-note" value="PREVIEW" />
            <entry key="E:/spring/spring/spring" value="PREVIEW" />
            <entry key="E:/spring/spring5/spring" value="PREVIEW" />
          </map>
        </option>
      </component>
      <component name="MavenImportPreferences">
        <option name="generalSettings">
          <MavenGeneralSettings>
            <option name="localRepository" value="E:\maven\repository" />
            <option name="mavenHome" value="D:/maven/apache-maven-3.3.9" />
            <option name="userSettingsFile" value="D:\maven\apache-maven-3.3.9\conf\settings.xml" />
          </MavenGeneralSettings>
        </option>
        <option name="importingSettings">
          <MavenImportingSettings>
            <option name="downloadDocsAutomatically" value="true" />
            <option name="downloadSourcesAutomatically" value="true" />
          </MavenImportingSettings>
        </option>
      </component>
      <component name="ProjectInspectionProfilesVisibleTreeState">
        <entry key="Project Default">
          <profile-state>
            <expanded-state>
              <State />
              <State>
                <id>Spring</id>
              </State>
            </expanded-state>
            <selected-state>
              <State>
                <id>Spring</id>
              </State>
            </selected-state>
          </profile-state>
        </entry>
      </component>
      <component name="ProjectRootManager" version="2" languageLevel="JDK_1_8" project-jdk-name="1.8" project-jdk-type="JavaSDK" />
      <component name="PropertiesComponent">{
  &quot;keyToString&quot;: {
    &quot;settings.editor.selected.configurable&quot;: &quot;preferences.keymap&quot;
  }
}</component>
      <component name="TaskManager">
        <task active="true" id="Default" summary="默认任务">
          <created>1706279168723</created>
          <option name="number" value="Default" />
          <option name="presentableId" value="Default" />
          <updated>1706279168723</updated>
          <workItem from="1739414615718" duration="125000" />
        </task>
        <servers />
      </component>
      <component name="TimeTrackingManager">
        <option name="totallyTimeSpent" value="125000" />
      </component>
      <component name="VcsDirectoryMappings" defaultProject="true" />
      <component name="WindowStateProjectService">
        <state x="526" y="191" key="SettingsEditor" timestamp="1739414647229">
          <screen x="0" y="0" width="2048" height="1104" />
        </state>
        <state x="526" y="191" key="SettingsEditor/-2560.-152.1707.1027/0.0.2048.1104" timestamp="1739414647229" />
      </component>
      <component name="masterDetails">
        <states>
          <state key="GlobalLibrariesConfigurable.UI">
            <settings>
              <splitter-proportions>
                <option name="proportions">
                  <list>
                    <option value="0.2" />
                  </list>
                </option>
              </splitter-proportions>
            </settings>
          </state>
          <state key="JdkListConfigurable.UI">
            <settings>
              <last-edited>1.8</last-edited>
              <splitter-proportions>
                <option name="proportions">
                  <list>
                    <option value="0.2" />
                  </list>
                </option>
              </splitter-proportions>
            </settings>
          </state>
          <state key="ProjectJDKs.UI">
            <settings>
              <last-edited>1.8</last-edited>
              <splitter-proportions>
                <option name="proportions">
                  <list>
                    <option value="0.2" />
                  </list>
                </option>
              </splitter-proportions>
            </settings>
          </state>
          <state key="ProjectLibrariesConfigurable.UI">
            <settings>
              <splitter-proportions>
                <option name="proportions">
                  <list>
                    <option value="0.2" />
                  </list>
                </option>
              </splitter-proportions>
            </settings>
          </state>
        </states>
      </component>
    </defaultProject>
  </component>
</application>