<application>
  <component name="Trusted.Paths">
    <option name="TRUSTED_PROJECT_PATHS">
      <map>
        <entry key="C:\Users\85228\PyCharmMiscProject" value="true" />
        <entry key="E:\code\langchain" value="true" />
        <entry key="E:\code\paas\sneb-paas-service" value="true" />
        <entry key="E:\code\scientific-manage-view\scientific-manage-view" value="true" />
        <entry key="E:\code\test" value="true" />
      </map>
    </option>
  </component>
  <component name="Trusted.Paths.Settings">
    <option name="TRUSTED_PATHS">
      <list>
        <option value="E:\code" />
      </list>
    </option>
  </component>
</application>