<application>
  <component name="DimensionService">
    <location key="find.popup.0.0.2560.1440@120dpi" x="985" y="160" />
    <size key="GridCell.Tab.0.left.0.0.2560.1440@120dpi" width="1734" height="415" />
    <size key="GridCell.Tab.0.center.0.0.2560.1440@120dpi" width="1734" height="415" />
    <size key="GridCell.Tab.0.right.0.0.2560.1440@120dpi" width="1734" height="415" />
    <size key="GridCell.Tab.0.bottom.0.0.2560.1440@120dpi" width="1734" height="415" />
    <size key="GridCell.Tab.1.left.0.0.2560.1440@120dpi" width="1734" height="415" />
    <size key="GridCell.Tab.1.center.0.0.2560.1440@120dpi" width="1734" height="415" />
    <size key="GridCell.Tab.1.right.0.0.2560.1440@120dpi" width="1734" height="415" />
    <size key="GridCell.Tab.1.bottom.0.0.2560.1440@120dpi" width="1734" height="415" />
    <size key="GridCell.Tab.2.left.0.0.2560.1440@120dpi" width="1734" height="415" />
    <size key="GridCell.Tab.2.center.0.0.2560.1440@120dpi" width="1734" height="415" />
    <size key="GridCell.Tab.2.right.0.0.2560.1440@120dpi" width="1734" height="415" />
    <size key="GridCell.Tab.2.bottom.0.0.2560.1440@120dpi" width="1734" height="415" />
    <size key="GridCell.Tab.3.left.0.0.2560.1440@120dpi" width="1734" height="415" />
    <size key="GridCell.Tab.3.center.0.0.2560.1440@120dpi" width="1734" height="415" />
    <size key="GridCell.Tab.3.right.0.0.2560.1440@120dpi" width="1734" height="415" />
    <size key="GridCell.Tab.3.bottom.0.0.2560.1440@120dpi" width="1734" height="415" />
    <size key="GridCell.Tab.4.left.0.0.2560.1440@120dpi" width="1734" height="415" />
    <size key="GridCell.Tab.4.center.0.0.2560.1440@120dpi" width="1734" height="415" />
    <size key="GridCell.Tab.4.right.0.0.2560.1440@120dpi" width="1734" height="415" />
    <size key="GridCell.Tab.4.bottom.0.0.2560.1440@120dpi" width="1734" height="415" />
    <size key="GridCell.Tab.5.left.0.0.2560.1440@120dpi" width="1734" height="415" />
    <size key="GridCell.Tab.5.center.0.0.2560.1440@120dpi" width="1734" height="415" />
    <size key="GridCell.Tab.5.right.0.0.2560.1440@120dpi" width="1734" height="415" />
    <size key="GridCell.Tab.5.bottom.0.0.2560.1440@120dpi" width="1734" height="415" />
    <size key="find.popup.0.0.2560.1440@120dpi" width="817" height="990" />
  </component>
  <component name="WindowManager">
    <frame x="-10" y="-10" width="2573" height="1393" extendedState="6" />
  </component>
  <component name="WindowStateApplicationService">
    <state x="805" y="306" key="FileChooserDialogImpl" timestamp="1739417291192">
      <screen x="0" y="0" width="2048" height="1104" />
    </state>
    <state x="805" y="306" key="FileChooserDialogImpl/-2560.-152.1707.1027/0.0.2048.1104" timestamp="1739417291192" />
    <state x="1024" y="555" width="2062" height="1118" key="WELCOME_SCREEN" timestamp="1739417104368">
      <screen x="0" y="0" width="2048" height="1104" />
    </state>
    <state x="1024" y="476" width="800" height="650" key="WELCOME_SCREEN/-2560.-152.1707.1027" timestamp="1739338845082" />
    <state x="1024" y="555" width="2062" height="1118" key="WELCOME_SCREEN/-2560.-152.1707.1027/0.0.2048.1104" timestamp="1739417104368" />
    <state x="1023" y="493" width="801" height="650" key="WELCOME_SCREEN/0.0.1707.1019/0.0.1707.1019" timestamp="1739336716653" />
    <state x="1024" y="476" width="800" height="650" key="WELCOME_SCREEN/0.0.2048.1104" timestamp="1737611278789" />
  </component>
</application>