<application>
  <component name="Translation.Cache">
    <option name="lastTrimTime" value="1739776219903" />
  </component>
  <component name="Translation.Settings">
    <option name="aliTranslateSettings">
      <app-key>
        <option name="appId" value="LTAI5tQAz4rD8QbfT7sPkBih" />
      </app-key>
    </option>
    <option name="primaryLanguage" value="CHINESE" />
    <option name="translator" value="ALI" />
  </component>
  <component name="Translation.States">
    <histories>
      <item value="examples" />
      <item value="图灵去世时多大" />
      <item value="main" />
      <item value="indent size" />
      <item value="insert final newline" />
      <item value="Integer" />
      <item value="void" />
      <item value="CERT_HAS_EXPIRED" />
      <item value="snebpaas" />
      <item value="Use G 1 GC" />
      <item value="test" />
      <item value="ce" />
    </histories>
    <option name="languageScores">
      <map>
        <entry key="CHINESE" value="4" />
        <entry key="CHINESE_SIMPLIFIED" value="7" />
        <entry key="ENGLISH" value="8" />
      </map>
    </option>
  </component>
</application>