<keymap version="1" name="Windows 副本" parent="$default">
  <action id="Back">
    <keyboard-shortcut first-keystroke="ctrl n" />
  </action>
  <action id="CodeCompletionGroup">
    <keyboard-shortcut first-keystroke="alt slash" />
  </action>
  <action id="CompareTwoFiles" />
  <action id="Console.TableResult.CloneRow" />
  <action id="DatabaseView.CopyAction" />
  <action id="Diff.ShowDiff" />
  <action id="EditorDeleteLine">
    <keyboard-shortcut first-keystroke="ctrl d" />
  </action>
  <action id="EditorDuplicate" />
  <action id="EditorScrollToCenter" />
  <action id="FileChooser.GotoDesktop" />
  <action id="FileChooser.NewFolder">
    <keyboard-shortcut first-keystroke="alt insert" />
  </action>
  <action id="FindInPath">
    <keyboard-shortcut first-keystroke="ctrl h" />
  </action>
  <action id="Forward">
    <keyboard-shortcut first-keystroke="ctrl m" />
  </action>
  <action id="GotoClass" />
  <action id="HippieCompletion" />
  <action id="RunDashboard.CopyConfiguration" />
  <action id="SendEOF" />
  <action id="Terminal.CloseSession" />
  <action id="TypeHierarchy" />
  <action id="Vcs.ShowMessageHistory" />
  <action id="XDebugger.CopyWatch" />
</keymap>